{"cameraMode":{"drawMode":0,"name":"Shaded","section":"Shading Mode"},"sceneLighting":true,"audioPlay":false,"sceneViewState":{"showFog":true,"showMaterialUpdate":false,"showSkybox":true,"showFlares":true,"showImageEffects":true,"showParticleSystems":true},"in2DMode":false,"pivot":{"x":3.7960243225097658,"y":4.597637176513672,"z":3.1013193130493166},"rotation":{"x":-0.3407086730003357,"y":-0.10181905329227448,"z":0.03714708238840103,"w":-0.9339048862457275},"size":1.7917512655258179,"orthographic":false}