{"cameraMode":{"drawMode":0,"name":"Shaded","section":"Shading Mode"},"sceneLighting":false,"audioPlay":false,"sceneViewState":{"showFog":true,"showMaterialUpdate":false,"showSkybox":true,"showFlares":true,"showImageEffects":true,"showParticleSystems":true},"in2DMode":false,"pivot":{"x":0.31614869832992556,"y":1.2721105813980103,"z":0.3603478670120239},"rotation":{"x":0.08988526463508606,"y":0.08207222819328308,"z":-0.007431714329868555,"w":0.9925369620323181},"size":22.0,"orthographic":false}